{
  "id": "4960231",
  "name": "123",
  "font_family": "iconfont",
  "css_prefix_text": "icon-",
  "description": "",
  "glyphs": [
    {
      "icon_id": "20084629",
      "name": "试卷",
      "font_class": "shijuan",
      "unicode": "e600",
      "unicode_decimal": 58880
    },
    {
      "icon_id": "20174009",
      "name": "习题本",
      "font_class": "xitiben",
      "unicode": "e63a",
      "unicode_decimal": 58938
    },
    {
      "icon_id": "24185835",
      "name": "首页",
      "font_class": "icon_857",
      "unicode": "e611",
      "unicode_decimal": 58897
    },
    {
      "icon_id": "588785",
      "name": "意见反馈",
      "font_class": "yijianfankui01",
      "unicode": "e62e",
      "unicode_decimal": 58926
    },
    {
      "icon_id": "9005974",
      "name": "ic_学情分析",
      "font_class": "ic_xueqingfenxi",
      "unicode": "e6b8",
      "unicode_decimal": 59064
    },
    {
      "icon_id": "9712779",
      "name": "消息通知",
      "font_class": "xiaoxitongzhix",
      "unicode": "e60c",
      "unicode_decimal": 58892
    },
    {
      "icon_id": "13059464",
      "name": "学情分析",
      "font_class": "xueqingfenxi",
      "unicode": "e81b",
      "unicode_decimal": 59419
    },
    {
      "icon_id": "26841824",
      "name": "分析",
      "font_class": "fenxi",
      "unicode": "ea3f",
      "unicode_decimal": 59967
    },
    {
      "icon_id": "35629922",
      "name": "考试",
      "font_class": "kaoshi",
      "unicode": "e91f",
      "unicode_decimal": 59679
    }
  ]
}
